scaler__loanamount,scaler__totaldue,scaler__longitude_gps,scaler__latitude_gps,scaler__termdays,prevloans__prev_loan_count,prevloans__prev_loan_amt_mean,prevloans__prev_delay_mean,prevloans__prev_early_payment_mean,age__age,categorical__employment_status_clients,categorical__bank_name_clients,predicted
0.20383694516589523,0.14592207575733837,-0.14646407228471542,-0.26064357602269783,0.06413962696284115,2.1422457195293787,1.6443688380908668,0.44859025830209603,0.005284246422155207,38.0,0.7944393722989421,0.7837599842566977,1
1.1342024378353102,1.1088983044984644,,,0.06413962696284115,0.7740333984409448,0.4338236351575663,-0.9293474826911153,0.45861483206601455,,0.755671216658275,0.782529138217366,1
-0.7265285475035196,-0.6914485579305972,,,0.06413962696284115,-0.867821386865176,-0.603786538785263,-2.1126612489677714,1.1530787079459694,,0.755671216658275,0.782529138217366,1
