scaler__loanamount,scaler__totaldue,scaler__longitude_gps,scaler__latitude_gps,scaler__termdays,prevloans__prev_loan_count,prevloans__prev_loan_amt_mean,prevloans__prev_delay_mean,prevloans__prev_early_payment_mean,age__age,categorical__employment_status_clients,categorical__bank_name_clients,predicted
1.1342024378353102,1.1088983044984644,-0.18424587246428228,-0.2453139190718133,0.06413962696284115,1.0476758626586316,0.6932261786432735,-0.6004329654201369,0.1909568799039487,31.0,0.7302695194572949,0.7837599842566977,1
-0.7265285475035196,-0.8170541529837875,,,-1.238938933845021,-0.5941789226474892,-0.603786538785263,-1.4587246939201457,0.4103881740187955,,0.755671216658275,0.782529138217366,1
0.20383694516589523,0.2715276708105287,-0.13321407187383671,-0.20579076211688932,0.06413962696284115,-0.04689399421211556,-0.603786538785263,-1.131756416396333,0.03904290705520857,42.0,0.755671216658275,0.7837599842566977,1
